label,query
1a,"select count(*) from 
movie_companies AS mc 
join company_type AS ct on (ct.kind = 'production companies' AND ct.id = mc.company_type_id and mc.note NOT LIKE '%(as Metro-Goldwyn-Mayer Pictures)%' AND (mc.note LIKE '%(co-production)%'  OR mc.note LIKE '%(presents)%'))
join title AS t on (t.id = mc.movie_id)
join
 (select movie_id from movie_info_idx AS mi_idx 
join info_type AS it on (it.info = 'top 250 rank' AND it.id = mi_idx.info_type_id)) as t_mi_idx 
on(t_mi_idx.movie_id = mc.movie_id);"
1b,"select count(*) from 
movie_info_idx AS mi_idx 
join info_type AS it on (it.info = 'bottom 10 rank' AND it.id = mi_idx.info_type_id)
join title AS t on (t.production_year BETWEEN 2005 AND 2010 AND t.id = mi_idx.movie_id)
JOIN movie_companies AS mc  
on(mc.movie_id = mi_idx.movie_id and mc.note NOT LIKE '%(as Metro-Goldwyn-Mayer Pictures)%')
join company_type AS ct on (ct.kind = 'production companies' AND ct.id = mc.company_type_id);"
1c,"select count(*) from 
movie_companies AS mc 
join company_type AS ct on (ct.kind = 'production companies' AND ct.id = mc.company_type_id and (mc.note NOT LIKE '%(as Metro-Goldwyn-Mayer Pictures)%' AND mc.note LIKE '%(co-production)%'))
join title AS t on (t.production_year >2010 AND t.id = mc.movie_id)
join
 (select movie_id from movie_info_idx AS mi_idx 
join info_type AS it on (it.info = 'top 250 rank' AND it.id = mi_idx.info_type_id)) as t_mi_idx 
on(t_mi_idx.movie_id = mc.movie_id);"
1d,"select count(*) from 
movie_info_idx AS mi_idx 
join info_type AS it on (it.info = 'bottom 10 rank' AND it.id = mi_idx.info_type_id)
join title AS t on (t.production_year >2000 AND t.id = mi_idx.movie_id)
JOIN movie_companies AS mc  
on(mc.movie_id = mi_idx.movie_id and mc.note NOT LIKE '%(as Metro-Goldwyn-Mayer Pictures)%')
join company_type AS ct on (ct.kind = 'production companies' AND ct.id = mc.company_type_id);"
2a,"select count(*) from 
movie_keyword AS mk 
join keyword AS k on (k.keyword ='character-name-in-title' AND mk.keyword_id = k.id)
join title AS t on (t.id = mk.movie_id)
JOIN movie_companies AS mc  
on(mc.movie_id = mk.movie_id)
join company_name AS cn on (cn.country_code ='[de]' AND cn.id = mc.company_id);"
2b,"select count(*) from 
movie_keyword AS mk 
join keyword AS k on (k.keyword ='character-name-in-title' AND mk.keyword_id = k.id)
join title AS t on (t.id = mk.movie_id)
JOIN movie_companies AS mc  
on(mc.movie_id = mk.movie_id)
join company_name AS cn on (cn.country_code ='[nl]' AND cn.id = mc.company_id);"
2c,"select count(*) from 
movie_keyword AS mk 
join keyword AS k on (k.keyword ='character-name-in-title' AND mk.keyword_id = k.id)
join title AS t on (t.id = mk.movie_id)
join
 (select movie_id from movie_companies AS mc 
join company_name AS cn on (cn.country_code ='[sm]' AND cn.id = mc.company_id)) as t_mc 
on(t_mc.movie_id = mk.movie_id);"
2d,"select count(*) from 
movie_keyword AS mk 
join keyword AS k on (k.keyword ='character-name-in-title' AND mk.keyword_id = k.id)
join title AS t on (t.id = mk.movie_id)
JOIN movie_companies AS mc  
on(mc.movie_id = mk.movie_id)
join company_name AS cn on (cn.country_code ='[us]' AND cn.id = mc.company_id);"
3a,"select count(*) from 
movie_info AS mi 
join title AS t on (t.production_year > 2005 AND t.id = mi.movie_id and mi.info IN ('Sweden','Norway', 'Germany', 'Denmark', 'Swedish','Denish', 'Norwegian', 'German'))
join
 (select movie_id from movie_keyword AS mk 
join keyword AS k on (k.keyword LIKE '%sequel%' AND k.id = mk.keyword_id)) as t_mk 
on(t_mk.movie_id = mi.movie_id);"
3b,"select count(*) from 
movie_info AS mi 
join title AS t on (t.production_year > 2010 AND t.id = mi.movie_id and mi.info IN ('Bulgaria'))
join
 (select movie_id from movie_keyword AS mk 
join keyword AS k on (k.keyword LIKE '%sequel%' AND k.id = mk.keyword_id)) as t_mk 
on(t_mk.movie_id = mi.movie_id);"
3c,"select count(*) from 
movie_info AS mi 
join title AS t on (t.production_year > 1990 AND t.id = mi.movie_id and mi.info IN ('Sweden','Norway','Germany','Denmark','Swedish','Denish','Norwegian', 'German','USA','American'))
join
 (select movie_id from movie_keyword AS mk 
join keyword AS k on (k.keyword LIKE '%sequel%' AND k.id = mk.keyword_id)) as t_mk 
on(t_mk.movie_id = mi.movie_id);"
4a,"select count(*) from 
movie_info_idx AS mi_idx 
join info_type AS it on (it.info ='rating' AND it.id = mi_idx.info_type_id and mi_idx.info > '5.0')
join title AS t on (t.production_year > 2005 AND t.id = mi_idx.movie_id)
join
 (select movie_id from movie_keyword AS mk 
join keyword AS k on (k.keyword LIKE '%sequel%' AND k.id = mk.keyword_id)) as t_mk 
on(t_mk.movie_id = mi_idx.movie_id);"
4b,"select count(*) from 
movie_info_idx AS mi_idx 
join info_type AS it on (it.info ='rating' AND it.id = mi_idx.info_type_id and mi_idx.info > '9.0')
join title AS t on (t.production_year > 2010 AND t.id = mi_idx.movie_id)
join
 (select movie_id from movie_keyword AS mk 
join keyword AS k on (k.keyword LIKE '%sequel%' AND k.id = mk.keyword_id)) as t_mk 
on(t_mk.movie_id = mi_idx.movie_id);"
4c,"select count(*) from 
movie_info_idx AS mi_idx 
join info_type AS it on (it.info ='rating' AND it.id = mi_idx.info_type_id and mi_idx.info > '2.0')
join title AS t on (t.production_year > 1990 AND t.id = mi_idx.movie_id)
join
 (select movie_id from movie_keyword AS mk 
join keyword AS k on (k.keyword LIKE '%sequel%' AND k.id = mk.keyword_id)) as t_mk 
on(t_mk.movie_id = mi_idx.movie_id);"
5a,"select count(*) from 
movie_companies AS mc 
join company_type AS ct on (ct.kind = 'production companies' AND ct.id = mc.company_type_id and mc.note LIKE '%(theatrical)%' AND mc.note LIKE '%(France)%')
join title AS t on (t.production_year > 2005 AND t.id = mc.movie_id)
JOIN movie_info AS mi  
on(mi.movie_id = mc.movie_id and mi.info IN ('Sweden', 'Norway',  'Germany', 'Denmark', 'Swedish', 'Denish', 'Norwegian', 'German'))
join info_type AS it on (it.id = mi.info_type_id);"
5b,"select count(*) from 
movie_companies AS mc 
join company_type AS ct on (ct.kind = 'production companies' AND ct.id = mc.company_type_id and mc.note LIKE '%(VHS)%' AND mc.note LIKE '%(USA)%' AND mc.note LIKE '%(1994)%')
join title AS t on (t.production_year > 2010 AND t.id = mc.movie_id)
JOIN movie_info AS mi  
on(mi.movie_id = mc.movie_id and mi.info IN ('USA','America'))
join info_type AS it on (it.id = mi.info_type_id);"
5c,"select count(*) from 
movie_companies AS mc 
join company_type AS ct on (ct.kind = 'production companies' AND ct.id = mc.company_type_id and mc.note NOT LIKE '%(TV)%' AND mc.note LIKE '%(USA)%')
join title AS t on (t.production_year > 1990 AND t.id = mc.movie_id)
JOIN movie_info AS mi  
on(mi.movie_id = mc.movie_id and mi.info IN ('Sweden','Norway', 'Germany', 'Denmark', 'Swedish','Denish','Norwegian', 'German', 'USA','American'))
join info_type AS it on (it.id = mi.info_type_id);"
6a,"select count(*) from 
movie_keyword AS mk 
join keyword AS k on (k.keyword = 'marvel-cinematic-universe' AND k.id = mk.keyword_id)
join title AS t on (t.production_year > 2010 AND t.id = mk.movie_id)
join
 (select person_id, movie_id from cast_info AS ci 
join name AS n on (n.name LIKE '%Downey%Robert%' AND n.id = ci.person_id)) as t_ci 
on(t_ci.movie_id = mk.movie_id);"
6b,"select count(*) from 
movie_keyword AS mk 
join keyword AS k on (k.keyword IN ('superhero', 'sequel', 'second-part',   'marvel-comics',  'based-on-comic', 'tv-special', 'fight',  'violence') AND k.id = mk.keyword_id)
join title AS t on (t.production_year > 2014 AND t.id = mk.movie_id)
join
 (select person_id, movie_id from cast_info AS ci 
join name AS n on (n.name LIKE '%Downey%Robert%' AND n.id = ci.person_id)) as t_ci 
on(t_ci.movie_id = mk.movie_id);"
6c,"select count(*) from 
movie_keyword AS mk 
join keyword AS k on (k.keyword = 'marvel-cinematic-universe' AND k.id = mk.keyword_id)
join title AS t on (t.production_year > 2014 AND t.id = mk.movie_id)
join
 (select person_id, movie_id from cast_info AS ci 
join name AS n on (n.name LIKE '%Downey%Robert%' AND n.id = ci.person_id)) as t_ci 
on(t_ci.movie_id = mk.movie_id);"
6d,"select count(*) from 
movie_keyword AS mk 
join keyword AS k on (k.keyword IN ('superhero', 'sequel', 'second-part','marvel-comics', 'based-on-comic', 'tv-special', 'fight', 'violence') AND k.id = mk.keyword_id)
join title AS t on (t.production_year > 2000 AND t.id = mk.movie_id)
join
 (select person_id, movie_id from cast_info AS ci 
join name AS n on (n.name LIKE '%Downey%Robert%' AND n.id = ci.person_id)) as t_ci 
on(t_ci.movie_id = mk.movie_id);"
6e,"select count(*) from 
movie_keyword AS mk 
join keyword AS k on (k.keyword = 'marvel-cinematic-universe' AND k.id = mk.keyword_id)
join title AS t on (t.production_year > 2000 AND t.id = mk.movie_id)
join
 (select person_id, movie_id from cast_info AS ci 
join name AS n on (n.name LIKE '%Downey%Robert%' AND n.id = ci.person_id)) as t_ci 
on(t_ci.movie_id = mk.movie_id);"
6f,"select count(*) from 
movie_keyword AS mk 
join keyword AS k on (k.keyword IN ('superhero', 'sequel', 'second-part', 'marvel-comics', 'based-on-comic', 'tv-special', 'fight','violence') AND k.id = mk.keyword_id)
join title AS t on (t.production_year > 2000 AND t.id = mk.movie_id)
JOIN cast_info AS ci  
on(ci.movie_id = mk.movie_id)
join name AS n on (n.id = ci.person_id);"
7a,"select count(*) from 
person_info AS pi 
join info_type AS it on (it.info ='mini biography' AND it.id = pi.info_type_id and pi.note ='Volker Boehm')
join name AS n on (n.name_pcode_cf BETWEEN 'A' AND 'F' AND (n.gender='m' OR (n.gender = 'f' AND n.name LIKE 'B%')) AND n.id = pi.person_id)
JOIN aka_name AS an  
on(an.person_id = pi.person_id and an.name LIKE '%a%')
JOIN cast_info AS ci  
on(ci.person_id = an.person_id)
join title AS t on (t.production_year BETWEEN 1980 AND 1995 AND t.id = ci.movie_id)
join
 (select linked_movie_id, movie_id from movie_link AS ml 
join link_type AS lt on (lt.link ='features' AND lt.id = ml.link_type_id)) as t_ml 
on(t_ml.linked_movie_id = ci.movie_id);"
7b,"select count(*) from 
person_info AS pi 
join info_type AS it on (it.info ='mini biography' AND it.id = pi.info_type_id and pi.note ='Volker Boehm')
join name AS n on (n.name_pcode_cf LIKE 'D%' AND n.gender='m' AND n.id = pi.person_id)
JOIN aka_name AS an  
on(an.person_id = pi.person_id and an.name LIKE '%a%')
JOIN cast_info AS ci  
on(ci.person_id = an.person_id)
join title AS t on (t.production_year BETWEEN 1980 AND 1984 AND t.id = ci.movie_id)
join
 (select linked_movie_id, movie_id from movie_link AS ml 
join link_type AS lt on (lt.link ='features' AND lt.id = ml.link_type_id)) as t_ml 
on(t_ml.linked_movie_id = ci.movie_id);"
7c,"select count(*) from 
movie_link AS ml 
join link_type AS lt on (lt.link IN ('references', 'referenced in', 'features', 'featured in') AND lt.id = ml.link_type_id)
join title AS t on (t.production_year BETWEEN 1980 AND 2010 AND ml.linked_movie_id = t.id)
JOIN cast_info AS ci  
on(ci.movie_id = ml.linked_movie_id)
JOIN aka_name AS an  
on(an.person_id = ci.person_id and an.name IS NOT NULL AND (an.name LIKE '%a%' OR an.name LIKE 'A%'))
JOIN person_info AS pi  
on(pi.person_id = an.person_id and pi.note IS NOT NULL)
join info_type AS it on (it.info ='mini biography' AND it.id = pi.info_type_id)
join name AS n on (n.name_pcode_cf BETWEEN 'A' AND 'F' AND (n.gender='m' OR (n.gender = 'f' AND n.name LIKE 'A%')) AND n.id = pi.person_id);"
8a,"select count(*) from 
movie_companies AS mc 
join company_name AS cn on (cn.country_code ='[jp]' AND mc.company_id = cn.id and mc.note LIKE '%(Japan)%' AND mc.note NOT LIKE '%(USA)%')
join title AS t on (t.id = mc.movie_id)
JOIN cast_info AS ci  
on(ci.movie_id = mc.movie_id and ci.note ='(voice: English version)')
join role_type AS rt on (rt.role ='actress' AND ci.role_id = rt.id)
JOIN aka_name AS an1  
on(an1.person_id = ci.person_id)
join name AS n1 on (n1.name LIKE '%Yo%' AND n1.name NOT LIKE '%Yu%' AND an1.person_id = n1.id);"
8b,"select count(*) from 
movie_companies AS mc 
join title AS t on (t.production_year BETWEEN 2006 AND 2007 AND (t.title LIKE 'One Piece%' OR t.title LIKE 'Dragon Ball Z%') AND t.id = mc.movie_id and mc.note LIKE '%(Japan)%' AND mc.note NOT LIKE '%(USA)%' AND (mc.note LIKE '%(2006)%' OR mc.note LIKE '%(2007)%'))
join company_name AS cn on (cn.country_code ='[jp]' AND mc.company_id = cn.id)
JOIN cast_info AS ci  
on(ci.movie_id = mc.movie_id and ci.note ='(voice: English version)')
join role_type AS rt on (rt.role ='actress' AND ci.role_id = rt.id)
JOIN aka_name AS an  
on(an.person_id = ci.person_id)
join name AS n on (n.name LIKE '%Yo%' AND n.name NOT LIKE '%Yu%' AND an.person_id = n.id);"
8c,"select count(*) from 
aka_name AS a1 
join name AS n1 on (a1.person_id = n1.id)
join
 (select person_id, movie_id from cast_info AS ci 
join role_type AS rt on (rt.role ='writer' AND ci.role_id = rt.id)
join title AS t on (ci.movie_id = t.id)) as t_ci 
on(t_ci.person_id = a1.person_id)
JOIN movie_companies AS mc  
on(mc.movie_id = t_ci.movie_id)
join company_name AS cn on (cn.country_code ='[us]' AND mc.company_id = cn.id);"
8d,"select count(*) from 
aka_name AS an1 
join name AS n1 on (an1.person_id = n1.id)
join
 (select person_id, movie_id from cast_info AS ci 
join role_type AS rt on (rt.role ='costume designer' AND ci.role_id = rt.id)
join title AS t on (ci.movie_id = t.id)) as t_ci 
on(t_ci.person_id = an1.person_id)
JOIN movie_companies AS mc  
on(mc.movie_id = t_ci.movie_id)
join company_name AS cn on (cn.country_code ='[us]' AND mc.company_id = cn.id);"
9a,"select count(*) from 
aka_name AS an 
join name AS n on (n.gender ='f' AND n.name LIKE '%Ang%' AND an.person_id = n.id)
JOIN cast_info AS ci  
on(ci.person_id = an.person_id and ci.note IN ('(voice)', '(voice: Japanese version)', '(voice) (uncredited)', '(voice: English version)'))
join role_type AS rt on (rt.role ='actress' AND ci.role_id = rt.id)
join title AS t on (t.production_year BETWEEN 2005 AND 2015 AND ci.movie_id = t.id)
join char_name AS chn on (chn.id = ci.person_role_id)
JOIN movie_companies AS mc  
on(mc.movie_id = ci.movie_id and mc.note IS NOT NULL AND (mc.note LIKE '%(USA)%' OR mc.note LIKE '%(worldwide)%'))
join company_name AS cn on (cn.country_code ='[us]' AND mc.company_id = cn.id);"
9b,"select count(*) from 
aka_name AS an 
join name AS n on (n.gender ='f' AND n.name LIKE '%Angel%' AND an.person_id = n.id)
JOIN cast_info AS ci  
on(ci.person_id = an.person_id and ci.note = '(voice)')
join role_type AS rt on (rt.role ='actress' AND ci.role_id = rt.id)
join title AS t on (t.production_year BETWEEN 2007 AND 2010 AND ci.movie_id = t.id)
join char_name AS chn on (chn.id = ci.person_role_id)
JOIN movie_companies AS mc  
on(mc.movie_id = ci.movie_id and mc.note LIKE '%(200%)%' AND (mc.note LIKE '%(USA)%' OR mc.note LIKE '%(worldwide)%'))
join company_name AS cn on (cn.country_code ='[us]' AND mc.company_id = cn.id);"
9c,"select count(*) from 
aka_name AS an 
join name AS n on (n.gender ='f' AND n.name LIKE '%An%' AND an.person_id = n.id)
JOIN cast_info AS ci  
on(ci.person_id = an.person_id and ci.note IN ('(voice)', '(voice: Japanese version)', '(voice) (uncredited)', '(voice: English version)'))
join role_type AS rt on (rt.role ='actress' AND ci.role_id = rt.id)
join char_name AS chn on (chn.id = ci.person_role_id)
join title AS t on (ci.movie_id = t.id)
JOIN movie_companies AS mc  
on(mc.movie_id = ci.movie_id)
join company_name AS cn on (cn.country_code ='[us]' AND mc.company_id = cn.id);"
9d,"select count(*) from 
aka_name AS an 
join name AS n on (n.gender ='f' AND an.person_id = n.id)
JOIN cast_info AS ci  
on(ci.person_id = an.person_id and ci.note IN ('(voice)', '(voice: Japanese version)', '(voice) (uncredited)', '(voice: English version)'))
join role_type AS rt on (rt.role ='actress' AND ci.role_id = rt.id)
join char_name AS chn on (chn.id = ci.person_role_id)
join title AS t on (ci.movie_id = t.id)
JOIN movie_companies AS mc  
on(mc.movie_id = ci.movie_id)
join company_name AS cn on (cn.country_code ='[us]' AND mc.company_id = cn.id);"
10a,"select count(*) from 
cast_info AS ci 
join role_type AS rt on (rt.role = 'actor' AND rt.id = ci.role_id and ci.note LIKE '%(voice)%' AND ci.note LIKE '%(uncredited)%')
join title AS t on (t.production_year > 2005 AND t.id = ci.movie_id)
join char_name AS chn on (chn.id = ci.person_role_id)
JOIN movie_companies AS mc  
on(mc.movie_id = ci.movie_id)
join company_type AS ct on (ct.id = mc.company_type_id)
join company_name AS cn on (cn.country_code = '[ru]' AND cn.id = mc.company_id);"
10b,"select count(*) from 
cast_info AS ci 
join role_type AS rt on (rt.role = 'actor' AND rt.id = ci.role_id and ci.note LIKE '%(producer)%')
join title AS t on (t.production_year > 2010 AND t.id = ci.movie_id)
join char_name AS chn on (chn.id = ci.person_role_id)
JOIN movie_companies AS mc  
on(mc.movie_id = ci.movie_id)
join company_type AS ct on (ct.id = mc.company_type_id)
join company_name AS cn on (cn.country_code = '[ru]' AND cn.id = mc.company_id);"
10c,"select count(*) from 
cast_info AS ci 
join role_type AS rt on (rt.id = ci.role_id and ci.note LIKE '%(producer)%')
join title AS t on (t.production_year > 1990 AND t.id = ci.movie_id)
join char_name AS chn on (chn.id = ci.person_role_id)
JOIN movie_companies AS mc  
on(mc.movie_id = ci.movie_id)
join company_type AS ct on (ct.id = mc.company_type_id)
join company_name AS cn on (cn.country_code = '[us]' AND cn.id = mc.company_id);"
11a,"select count(*) from 
movie_link AS ml 
join link_type AS lt on (lt.link LIKE '%follow%' AND lt.id = ml.link_type_id)
join title AS t on (t.production_year BETWEEN 1950 AND 2000 AND ml.movie_id = t.id)
JOIN movie_companies AS mc  
on(mc.movie_id = ml.movie_id and mc.note IS NULL)
join company_type AS ct on (ct.kind ='production companies' AND mc.company_type_id = ct.id)
join company_name AS cn on (cn.country_code !='[pl]' AND (cn.name LIKE '%Film%' OR cn.name LIKE '%Warner%') AND mc.company_id = cn.id)
join
 (select movie_id from movie_keyword AS mk 
join keyword AS k on (k.keyword ='sequel' AND mk.keyword_id = k.id)) as t_mk 
on(t_mk.movie_id = mc.movie_id);"
11b,"select count(*) from 
movie_companies AS mc 
join company_type AS ct on (ct.kind ='production companies' AND mc.company_type_id = ct.id and mc.note IS NULL)
join title AS t on (t.production_year = 1998 AND t.title LIKE '%Money%' AND t.id = mc.movie_id)
join company_name AS cn on (cn.country_code !='[pl]' AND (cn.name LIKE '%Film%' OR cn.name LIKE '%Warner%') AND mc.company_id = cn.id)
join
 (select linked_movie_id, movie_id from movie_link AS ml 
join link_type AS lt on (lt.link LIKE '%follows%' AND lt.id = ml.link_type_id)) as t_ml 
on(t_ml.movie_id = mc.movie_id)
join
 (select movie_id from movie_keyword AS mk 
join keyword AS k on (k.keyword ='sequel' AND mk.keyword_id = k.id)) as t_mk 
on(t_mk.movie_id = t_ml.movie_id);"
11c,"select count(*) from 
movie_link AS ml 
join link_type AS lt on (lt.id = ml.link_type_id)
join title AS t on (t.production_year > 1950 AND ml.movie_id = t.id)
JOIN movie_companies AS mc  
on(mc.movie_id = ml.movie_id and mc.note IS NOT NULL)
join company_type AS ct on (ct.kind != 'production companies' AND ct.kind IS NOT NULL AND mc.company_type_id = ct.id)
join company_name AS cn on (cn.country_code !='[pl]' AND (cn.name LIKE '20th Century Fox%' OR cn.name LIKE 'Twentieth Century Fox%') AND mc.company_id = cn.id)
join
 (select movie_id from movie_keyword AS mk 
join keyword AS k on (k.keyword IN ('sequel', 'revenge',  'based-on-novel') AND mk.keyword_id = k.id)) as t_mk 
on(t_mk.movie_id = mc.movie_id);"
11d,"select count(*) from 
movie_link AS ml 
join link_type AS lt on (lt.id = ml.link_type_id)
join title AS t on (t.production_year > 1950 AND ml.movie_id = t.id)
JOIN movie_companies AS mc  
on(mc.movie_id = ml.movie_id and mc.note IS NOT NULL)
join company_type AS ct on (ct.kind != 'production companies' AND ct.kind IS NOT NULL AND mc.company_type_id = ct.id)
join company_name AS cn on (cn.country_code !='[pl]' AND mc.company_id = cn.id)
join
 (select movie_id from movie_keyword AS mk 
join keyword AS k on (k.keyword IN ('sequel', 'revenge', 'based-on-novel') AND mk.keyword_id = k.id)) as t_mk 
on(t_mk.movie_id = mc.movie_id);"
12a,"select count(*) from 
movie_info_idx AS mi_idx 
join info_type AS it2 on (it2.info = 'rating' AND mi_idx.info_type_id = it2.id and mi_idx.info > '8.0')
join title AS t on (t.production_year BETWEEN 2005 AND 2008 AND t.id = mi_idx.movie_id)
JOIN movie_info AS mi  
on(mi.movie_id = mi_idx.movie_id and mi.info IN ('Drama', 'Horror'))
join info_type AS it1 on (it1.info = 'genres' AND mi.info_type_id = it1.id)
join
 (select movie_id from movie_companies AS mc 
join company_type AS ct on (ct.kind = 'production companies' AND ct.id = mc.company_type_id)
join company_name AS cn on (cn.country_code = '[us]' AND cn.id = mc.company_id)) as t_mc 
on(t_mc.movie_id = mi.movie_id);"
12b,"select count(*) from 
movie_info_idx AS mi_idx 
join info_type AS it2 on (it2.info ='bottom 10 rank' AND mi_idx.info_type_id = it2.id)
join title AS t on (t.production_year >2000 AND (t.title LIKE 'Birdemic%' OR t.title LIKE '%Movie%') AND t.id = mi_idx.movie_id)
JOIN movie_companies AS mc  
on(mc.movie_id = mi_idx.movie_id)
join company_type AS ct on (ct.kind IS NOT NULL AND (ct.kind ='production companies' OR ct.kind = 'distributors') AND ct.id = mc.company_type_id)
join company_name AS cn on (cn.country_code ='[us]' AND cn.id = mc.company_id)
join
 (select movie_id from movie_info AS mi 
join info_type AS it1 on (it1.info ='budget' AND mi.info_type_id = it1.id)) as t_mi 
on(t_mi.movie_id = mc.movie_id);"
12c,"select count(*) from 
movie_info_idx AS mi_idx 
join info_type AS it2 on (it2.info = 'rating' AND mi_idx.info_type_id = it2.id and mi_idx.info > '7.0')
join title AS t on (t.production_year BETWEEN 2000 AND 2010 AND t.id = mi_idx.movie_id)
JOIN movie_info AS mi  
on(mi.movie_id = mi_idx.movie_id and mi.info IN ('Drama', 'Horror', 'Western', 'Family'))
join info_type AS it1 on (it1.info = 'genres' AND mi.info_type_id = it1.id)
join
 (select movie_id from movie_companies AS mc 
join company_type AS ct on (ct.kind = 'production companies' AND ct.id = mc.company_type_id)
join company_name AS cn on (cn.country_code = '[us]' AND cn.id = mc.company_id)) as t_mc 
on(t_mc.movie_id = mi.movie_id);"
13a,"select count(*) from 
movie_info_idx AS miidx 
join info_type AS it on (it.info ='rating' AND it.id = miidx.info_type_id)
join title AS t on (miidx.movie_id = t.id)
join kind_type AS kt on (kt.kind ='movie' AND kt.id = t.kind_id)
join
 (select movie_id from movie_companies AS mc 
join company_type AS ct on (ct.kind ='production companies' AND ct.id = mc.company_type_id)
join company_name AS cn on (cn.country_code ='[de]' AND cn.id = mc.company_id)) as t_mc 
on(t_mc.movie_id = miidx.movie_id)
join
 (select movie_id from movie_info AS mi 
join info_type AS it2 on (it2.info ='release dates' AND it2.id = mi.info_type_id)) as t_mi 
on(t_mi.movie_id = t_mc.movie_id);"
13b,"select count(*) from 
movie_info_idx AS miidx 
join info_type AS it on (it.info ='rating' AND it.id = miidx.info_type_id)
join title AS t on (t.title != '' AND (t.title LIKE '%Champion%' OR t.title LIKE '%Loser%') AND miidx.movie_id = t.id)
join kind_type AS kt on (kt.kind ='movie' AND kt.id = t.kind_id)
join
 (select movie_id from movie_companies AS mc 
join company_type AS ct on (ct.kind ='production companies' AND ct.id = mc.company_type_id)
join company_name AS cn on (cn.country_code ='[us]' AND cn.id = mc.company_id)) as t_mc 
on(t_mc.movie_id = miidx.movie_id)
join
 (select movie_id from movie_info AS mi 
join info_type AS it2 on (it2.info ='release dates' AND it2.id = mi.info_type_id)) as t_mi 
on(t_mi.movie_id = t_mc.movie_id);"
13c,"select count(*) from 
movie_info_idx AS miidx 
join info_type AS it on (it.info ='rating' AND it.id = miidx.info_type_id)
join title AS t on (t.title != '' AND (t.title LIKE 'Champion%' OR t.title LIKE 'Loser%') AND miidx.movie_id = t.id)
join kind_type AS kt on (kt.kind ='movie' AND kt.id = t.kind_id)
join
 (select movie_id from movie_companies AS mc 
join company_type AS ct on (ct.kind ='production companies' AND ct.id = mc.company_type_id)
join company_name AS cn on (cn.country_code ='[us]' AND cn.id = mc.company_id)) as t_mc 
on(t_mc.movie_id = miidx.movie_id)
join
 (select movie_id from movie_info AS mi 
join info_type AS it2 on (it2.info ='release dates' AND it2.id = mi.info_type_id)) as t_mi 
on(t_mi.movie_id = t_mc.movie_id);"
13d,"select count(*) from 
movie_info_idx AS miidx 
join info_type AS it on (it.info ='rating' AND it.id = miidx.info_type_id)
join title AS t on (miidx.movie_id = t.id)
join kind_type AS kt on (kt.kind ='movie' AND kt.id = t.kind_id)
join
 (select movie_id from movie_companies AS mc 
join company_type AS ct on (ct.kind ='production companies' AND ct.id = mc.company_type_id)
join company_name AS cn on (cn.country_code ='[us]' AND cn.id = mc.company_id)) as t_mc 
on(t_mc.movie_id = miidx.movie_id)
join
 (select movie_id from movie_info AS mi 
join info_type AS it2 on (it2.info ='release dates' AND it2.id = mi.info_type_id)) as t_mi 
on(t_mi.movie_id = t_mc.movie_id);"
14a,"select count(*) from 
movie_keyword AS mk 
join keyword AS k on (k.keyword IN ('murder', 'murder-in-title', 'blood',  'violence') AND k.id = mk.keyword_id)
join title AS t on (t.production_year > 2010 AND t.id = mk.movie_id)
join kind_type AS kt on (kt.kind = 'movie' AND kt.id = t.kind_id)
join
 (select movie_id from movie_info_idx AS mi_idx 
join info_type AS it2 on (it2.info = 'rating' AND it2.id = mi_idx.info_type_id and mi_idx.info < '8.5')) as t_mi_idx 
on(t_mi_idx.movie_id = mk.movie_id)
JOIN movie_info AS mi  
on(mi.movie_id = t_mi_idx.movie_id and mi.info IN ('Sweden', 'Norway', 'Germany', 'Denmark', 'Swedish', 'Denish', 'Norwegian', 'German', 'USA', 'American'))
join info_type AS it1 on (it1.info = 'countries' AND it1.id = mi.info_type_id);"
14b,"select count(*) from 
movie_info_idx AS mi_idx 
join info_type AS it2 on (it2.info = 'rating' AND it2.id = mi_idx.info_type_id and mi_idx.info > '6.0')
join title AS t on (t.production_year > 2010 AND (t.title LIKE '%murder%' OR t.title LIKE '%Murder%' OR t.title LIKE '%Mord%') AND t.id = mi_idx.movie_id)
join kind_type AS kt on (kt.kind = 'movie' AND kt.id = t.kind_id)
join
 (select movie_id from movie_keyword AS mk 
join keyword AS k on (k.keyword IN ('murder', 'murder-in-title') AND k.id = mk.keyword_id)) as t_mk 
on(t_mk.movie_id = mi_idx.movie_id)
JOIN movie_info AS mi  
on(mi.movie_id = t_mk.movie_id and mi.info IN ('Sweden', 'Norway', 'Germany',  'Denmark',  'Swedish',  'Denish', 'Norwegian',  'German', 'USA',  'American'))
join info_type AS it1 on (it1.info = 'countries' AND it1.id = mi.info_type_id);"
14c,"select count(*) from 
movie_keyword AS mk 
join keyword AS k on (k.keyword IS NOT NULL AND k.keyword IN ('murder', 'murder-in-title', 'blood', 'violence') AND k.id = mk.keyword_id)
join title AS t on (t.production_year > 2005 AND t.id = mk.movie_id)
join kind_type AS kt on (kt.kind IN ('movie', 'episode') AND kt.id = t.kind_id)
join
 (select movie_id from movie_info_idx AS mi_idx 
join info_type AS it2 on (it2.info = 'rating' AND it2.id = mi_idx.info_type_id and mi_idx.info < '8.5')) as t_mi_idx 
on(t_mi_idx.movie_id = mk.movie_id)
JOIN movie_info AS mi  
on(mi.movie_id = t_mi_idx.movie_id and mi.info IN ('Sweden', 'Norway', 'Germany', 'Denmark', 'Swedish', 'Danish', 'Norwegian', 'German', 'USA', 'American'))
join info_type AS it1 on (it1.info = 'countries' AND it1.id = mi.info_type_id);"
15a,"select count(*) from 
movie_info AS mi 
join info_type AS it1 on (it1.info = 'release dates' AND it1.id = mi.info_type_id and mi.note LIKE '%internet%' AND mi.info LIKE 'USA:% 200%')
join title AS t on (t.production_year > 2000 AND t.id = mi.movie_id)
JOIN aka_title AS at  
on(at.movie_id = mi.movie_id)
JOIN movie_companies AS mc  
on(mc.movie_id = at.movie_id and mc.note LIKE '%(200%)%' AND mc.note LIKE '%(worldwide)%')
join company_type AS ct on (ct.id = mc.company_type_id)
join company_name AS cn on (cn.country_code = '[us]' AND cn.id = mc.company_id)
JOIN movie_keyword AS mk  
on(mk.movie_id = mc.movie_id)
join keyword AS k on (k.id = mk.keyword_id);"
15b,"select count(*) from 
movie_info AS mi 
join info_type AS it1 on (it1.info = 'release dates' AND it1.id = mi.info_type_id and mi.note LIKE '%internet%' AND mi.info LIKE 'USA:% 200%')
join title AS t on (t.production_year BETWEEN 2005 AND 2010 AND t.id = mi.movie_id)
JOIN aka_title AS at  
on(at.movie_id = mi.movie_id)
JOIN movie_companies AS mc  
on(mc.movie_id = at.movie_id and mc.note LIKE '%(200%)%' AND mc.note LIKE '%(worldwide)%')
join company_name AS cn on (cn.country_code = '[us]' AND cn.name = 'YouTube' AND cn.id = mc.company_id)
join company_type AS ct on (ct.id = mc.company_type_id)
JOIN movie_keyword AS mk  
on(mk.movie_id = mc.movie_id)
join keyword AS k on (k.id = mk.keyword_id);"
15c,"select count(*) from 
movie_info AS mi 
join info_type AS it1 on (it1.info = 'release dates' AND it1.id = mi.info_type_id and mi.note LIKE '%internet%' AND mi.info IS NOT NULL AND (mi.info LIKE 'USA:% 199%' OR mi.info LIKE 'USA:% 200%'))
join title AS t on (t.production_year > 1990 AND t.id = mi.movie_id)
JOIN aka_title AS at  
on(at.movie_id = mi.movie_id)
JOIN movie_companies AS mc  
on(mc.movie_id = at.movie_id)
join company_type AS ct on (ct.id = mc.company_type_id)
join company_name AS cn on (cn.country_code = '[us]' AND cn.id = mc.company_id)
JOIN movie_keyword AS mk  
on(mk.movie_id = mc.movie_id)
join keyword AS k on (k.id = mk.keyword_id);"
15d,"select count(*) from 
movie_info AS mi 
join info_type AS it1 on (it1.info = 'release dates' AND it1.id = mi.info_type_id and mi.note LIKE '%internet%')
join title AS t on (t.production_year > 1990 AND t.id = mi.movie_id)
JOIN aka_title AS at  
on(at.movie_id = mi.movie_id)
JOIN movie_companies AS mc  
on(mc.movie_id = at.movie_id)
join company_type AS ct on (ct.id = mc.company_type_id)
join company_name AS cn on (cn.country_code = '[us]' AND cn.id = mc.company_id)
JOIN movie_keyword AS mk  
on(mk.movie_id = mc.movie_id)
join keyword AS k on (k.id = mk.keyword_id);"
16a,"select count(*) from 
movie_keyword AS mk 
join keyword AS k on (k.keyword ='character-name-in-title' AND mk.keyword_id = k.id)
join title AS t on (t.episode_nr >= 50 AND t.episode_nr < 100 AND t.id = mk.movie_id)
JOIN movie_companies AS mc  
on(mc.movie_id = mk.movie_id)
join company_name AS cn on (cn.country_code ='[us]' AND mc.company_id = cn.id)
JOIN cast_info AS ci  
on(ci.movie_id = mc.movie_id)
JOIN aka_name AS an  
on(an.person_id = ci.person_id)
join name AS n on (an.person_id = n.id);"
16b,"select count(*) from 
movie_keyword AS mk 
join keyword AS k on (k.keyword ='character-name-in-title' AND mk.keyword_id = k.id)
join title AS t on (t.id = mk.movie_id)
JOIN movie_companies AS mc  
on(mc.movie_id = mk.movie_id)
join company_name AS cn on (cn.country_code ='[us]' AND mc.company_id = cn.id)
JOIN cast_info AS ci  
on(ci.movie_id = mc.movie_id)
JOIN aka_name AS an  
on(an.person_id = ci.person_id)
join name AS n on (an.person_id = n.id);"
16c,"select count(*) from 
movie_keyword AS mk 
join keyword AS k on (k.keyword ='character-name-in-title' AND mk.keyword_id = k.id)
join title AS t on (t.episode_nr < 100 AND t.id = mk.movie_id)
JOIN movie_companies AS mc  
on(mc.movie_id = mk.movie_id)
join company_name AS cn on (cn.country_code ='[us]' AND mc.company_id = cn.id)
JOIN cast_info AS ci  
on(ci.movie_id = mc.movie_id)
JOIN aka_name AS an  
on(an.person_id = ci.person_id)
join name AS n on (an.person_id = n.id);"
16d,"select count(*) from 
movie_keyword AS mk 
join keyword AS k on (k.keyword ='character-name-in-title' AND mk.keyword_id = k.id)
join title AS t on (t.episode_nr >= 5 AND t.episode_nr < 100 AND t.id = mk.movie_id)
JOIN movie_companies AS mc  
on(mc.movie_id = mk.movie_id)
join company_name AS cn on (cn.country_code ='[us]' AND mc.company_id = cn.id)
JOIN cast_info AS ci  
on(ci.movie_id = mc.movie_id)
JOIN aka_name AS an  
on(an.person_id = ci.person_id)
join name AS n on (an.person_id = n.id);"
17a,"select count(*) from 
movie_keyword AS mk 
join keyword AS k on (k.keyword ='character-name-in-title' AND mk.keyword_id = k.id)
join title AS t on (t.id = mk.movie_id)
JOIN movie_companies AS mc  
on(mc.movie_id = mk.movie_id)
join company_name AS cn on (cn.country_code ='[us]' AND mc.company_id = cn.id)
JOIN cast_info AS ci  
on(ci.movie_id = mc.movie_id)
join name AS n on (n.name LIKE 'B%' AND n.id = ci.person_id);"
17b,"select count(*) from 
movie_keyword AS mk 
join keyword AS k on (k.keyword ='character-name-in-title' AND mk.keyword_id = k.id)
join title AS t on (t.id = mk.movie_id)
JOIN movie_companies AS mc  
on(mc.movie_id = mk.movie_id)
join company_name AS cn on (mc.company_id = cn.id)
join
 (select person_id, movie_id from cast_info AS ci 
join name AS n on (n.name LIKE 'Z%' AND n.id = ci.person_id)) as t_ci 
on(t_ci.movie_id = mc.movie_id);"
17c,"select count(*) from 
movie_keyword AS mk 
join keyword AS k on (k.keyword ='character-name-in-title' AND mk.keyword_id = k.id)
join title AS t on (t.id = mk.movie_id)
JOIN movie_companies AS mc  
on(mc.movie_id = mk.movie_id)
join company_name AS cn on (mc.company_id = cn.id)
join
 (select person_id, movie_id from cast_info AS ci 
join name AS n on (n.name LIKE 'X%' AND n.id = ci.person_id)) as t_ci 
on(t_ci.movie_id = mc.movie_id);"
17d,"select count(*) from 
movie_keyword AS mk 
join keyword AS k on (k.keyword ='character-name-in-title' AND mk.keyword_id = k.id)
join title AS t on (t.id = mk.movie_id)
JOIN movie_companies AS mc  
on(mc.movie_id = mk.movie_id)
join company_name AS cn on (mc.company_id = cn.id)
join
 (select person_id, movie_id from cast_info AS ci 
join name AS n on (n.name LIKE '%Bert%' AND n.id = ci.person_id)) as t_ci 
on(t_ci.movie_id = mc.movie_id);"
17e,"select count(*) from 
movie_keyword AS mk 
join keyword AS k on (k.keyword ='character-name-in-title' AND mk.keyword_id = k.id)
join title AS t on (t.id = mk.movie_id)
JOIN movie_companies AS mc  
on(mc.movie_id = mk.movie_id)
join company_name AS cn on (cn.country_code ='[us]' AND mc.company_id = cn.id)
JOIN cast_info AS ci  
on(ci.movie_id = mc.movie_id)
join name AS n on (n.id = ci.person_id);"
17f,"select count(*) from 
movie_keyword AS mk 
join keyword AS k on (k.keyword ='character-name-in-title' AND mk.keyword_id = k.id)
join title AS t on (t.id = mk.movie_id)
JOIN movie_companies AS mc  
on(mc.movie_id = mk.movie_id)
join company_name AS cn on (mc.company_id = cn.id)
JOIN cast_info AS ci  
on(ci.movie_id = mc.movie_id)
join name AS n on (n.name LIKE '%B%' AND n.id = ci.person_id);"
18a,"select count(*) from 
movie_info_idx AS mi_idx 
join info_type AS it2 on (it2.info = 'votes' AND it2.id = mi_idx.info_type_id)
join title AS t on (t.id = mi_idx.movie_id)
join
 (select person_id, movie_id from cast_info AS ci 
join name AS n on (n.gender = 'm' AND n.name LIKE '%Tim%' AND n.id = ci.person_id and ci.note IN ('(producer)', '(executive producer)'))) as t_ci 
on(t_ci.movie_id = mi_idx.movie_id)
join
 (select movie_id from movie_info AS mi 
join info_type AS it1 on (it1.info = 'budget' AND it1.id = mi.info_type_id)) as t_mi 
on(t_mi.movie_id = t_ci.movie_id);"
18b,"select count(*) from 
movie_info AS mi 
join info_type AS it1 on (it1.info = 'genres' AND it1.id = mi.info_type_id and mi.info IN ('Horror', 'Thriller') AND mi.note IS NULL)
join title AS t on (t.production_year BETWEEN 2008 AND 2014 AND t.id = mi.movie_id)
JOIN movie_info_idx AS mi_idx  
on(mi_idx.movie_id = mi.movie_id and mi_idx.info > '8.0')
join info_type AS it2 on (it2.info = 'rating' AND it2.id = mi_idx.info_type_id)
JOIN cast_info AS ci  
on(ci.movie_id = mi_idx.movie_id and ci.note IN ('(writer)',  '(head writer)',  '(written by)', '(story)', '(story editor)'))
join name AS n on (n.gender IS NOT NULL AND n.gender = 'f' AND n.id = ci.person_id);"
18c,"select count(*) from 
movie_info AS mi 
join info_type AS it1 on (it1.info = 'genres' AND it1.id = mi.info_type_id and mi.info IN ('Horror', 'Action', 'Sci-Fi', 'Thriller', 'Crime', 'War'))
join title AS t on (t.id = mi.movie_id)
join
 (select movie_id from movie_info_idx AS mi_idx 
join info_type AS it2 on (it2.info = 'votes' AND it2.id = mi_idx.info_type_id)) as t_mi_idx 
on(t_mi_idx.movie_id = mi.movie_id)
JOIN cast_info AS ci  
on(ci.movie_id = t_mi_idx.movie_id and ci.note IN ('(writer)', '(head writer)','(written by)', '(story)', '(story editor)'))
join name AS n on (n.gender = 'm' AND n.id = ci.person_id);"
19a,"select count(*) from 
aka_name AS an 
join name AS n on (n.gender ='f' AND n.name LIKE '%Ang%' AND n.id = an.person_id)
JOIN cast_info AS ci  
on(ci.person_id = an.person_id and ci.note IN ('(voice)', '(voice: Japanese version)', '(voice) (uncredited)', '(voice: English version)'))
join role_type AS rt on (rt.role ='actress' AND rt.id = ci.role_id)
join title AS t on (t.production_year BETWEEN 2005 AND 2009 AND t.id = ci.movie_id)
join char_name AS chn on (chn.id = ci.person_role_id)
JOIN movie_companies AS mc  
on(mc.movie_id = ci.movie_id and mc.note IS NOT NULL AND (mc.note LIKE '%(USA)%' OR mc.note LIKE '%(worldwide)%'))
join company_name AS cn on (cn.country_code ='[us]' AND cn.id = mc.company_id)
JOIN movie_info AS mi  
on(mi.movie_id = mc.movie_id and mi.info IS NOT NULL AND (mi.info LIKE 'Japan:%200%' OR mi.info LIKE 'USA:%200%'))
join info_type AS it on (it.info = 'release dates' AND it.id = mi.info_type_id);"
19b,"select count(*) from 
movie_info AS mi 
join info_type AS it on (it.info = 'release dates' AND it.id = mi.info_type_id and mi.info IS NOT NULL AND (mi.info LIKE 'Japan:%2007%' OR mi.info LIKE 'USA:%2008%'))
join title AS t on (t.production_year BETWEEN 2007 AND 2008 AND t.title LIKE '%Kung%Fu%Panda%' AND t.id = mi.movie_id)
JOIN movie_companies AS mc  
on(mc.movie_id = mi.movie_id and mc.note LIKE '%(200%)%' AND (mc.note LIKE '%(USA)%' OR mc.note LIKE '%(worldwide)%'))
join company_name AS cn on (cn.country_code ='[us]' AND cn.id = mc.company_id)
JOIN cast_info AS ci  
on(ci.movie_id = mc.movie_id and ci.note = '(voice)')
join role_type AS rt on (rt.role ='actress' AND rt.id = ci.role_id)
join char_name AS chn on (chn.id = ci.person_role_id)
join
 (select person_id from aka_name AS an 
join name AS n on (n.gender ='f' AND n.name LIKE '%Angel%' AND n.id = an.person_id)) as t_an 
on(t_an.person_id = ci.person_id);"
19c,"select count(*) from 
movie_info AS mi 
join info_type AS it on (it.info = 'release dates' AND it.id = mi.info_type_id and mi.info IS NOT NULL AND (mi.info LIKE 'Japan:%200%' OR mi.info LIKE 'USA:%200%'))
join title AS t on (t.production_year > 2000 AND t.id = mi.movie_id)
JOIN movie_companies AS mc  
on(mc.movie_id = mi.movie_id)
join company_name AS cn on (cn.country_code ='[us]' AND cn.id = mc.company_id)
JOIN cast_info AS ci  
on(ci.movie_id = mc.movie_id and ci.note IN ('(voice)', '(voice: Japanese version)', '(voice) (uncredited)', '(voice: English version)'))
join role_type AS rt on (rt.role ='actress' AND rt.id = ci.role_id)
join char_name AS chn on (chn.id = ci.person_role_id)
JOIN aka_name AS an  
on(an.person_id = ci.person_id)
join name AS n on (n.gender ='f' AND n.name LIKE '%An%' AND n.id = an.person_id);"
19d,"select count(*) from 
aka_name AS an 
join name AS n on (n.gender ='f' AND n.id = an.person_id)
JOIN cast_info AS ci  
on(ci.person_id = an.person_id and ci.note IN ('(voice)', '(voice: Japanese version)', '(voice) (uncredited)', '(voice: English version)'))
join role_type AS rt on (rt.role ='actress' AND rt.id = ci.role_id)
join title AS t on (t.production_year > 2000 AND t.id = ci.movie_id)
join char_name AS chn on (chn.id = ci.person_role_id)
JOIN movie_companies AS mc  
on(mc.movie_id = ci.movie_id)
join company_name AS cn on (cn.country_code ='[us]' AND cn.id = mc.company_id)
join
 (select movie_id from movie_info AS mi 
join info_type AS it on (it.info = 'release dates' AND it.id = mi.info_type_id)) as t_mi 
on(t_mi.movie_id = mc.movie_id);"
20a,"select count(*) from 
complete_cast AS cc 
join comp_cast_type AS cct1 on (cct1.kind = 'cast' AND cct1.id = cc.subject_id)
join comp_cast_type AS cct2 on (cct2.kind LIKE '%complete%' AND cct2.id = cc.status_id)
join title AS t on (t.production_year > 1950 AND t.id = cc.movie_id)
join kind_type AS kt on (kt.kind = 'movie' AND kt.id = t.kind_id)
join
 (select movie_id from movie_keyword AS mk 
join keyword AS k on (k.keyword IN ('superhero',  'sequel', 'second-part', 'marvel-comics', 'based-on-comic', 'tv-special', 'fight', 'violence') AND k.id = mk.keyword_id)) as t_mk 
on(t_mk.movie_id = cc.movie_id)
JOIN cast_info AS ci  
on(ci.movie_id = t_mk.movie_id)
join char_name AS chn on (chn.name NOT LIKE '%Sherlock%' AND (chn.name LIKE '%Tony%Stark%' OR chn.name LIKE '%Iron%Man%') AND chn.id = ci.person_role_id)
join name AS n on (n.id = ci.person_id);"
20b,"select count(*) from 
complete_cast AS cc 
join comp_cast_type AS cct1 on (cct1.kind = 'cast' AND cct1.id = cc.subject_id)
join comp_cast_type AS cct2 on (cct2.kind LIKE '%complete%' AND cct2.id = cc.status_id)
join title AS t on (t.production_year > 2000 AND t.id = cc.movie_id)
join kind_type AS kt on (kt.kind = 'movie' AND kt.id = t.kind_id)
join
 (select movie_id from movie_keyword AS mk 
join keyword AS k on (k.keyword IN ('superhero', 'sequel', 'second-part', 'marvel-comics', 'based-on-comic', 'tv-special', 'fight', 'violence') AND k.id = mk.keyword_id)) as t_mk 
on(t_mk.movie_id = cc.movie_id)
join
 (select person_id, movie_id from cast_info AS ci 
join name AS n on (n.name LIKE '%Downey%Robert%' AND n.id = ci.person_id)
join char_name AS chn on (chn.name NOT LIKE '%Sherlock%' AND (chn.name LIKE '%Tony%Stark%' OR chn.name LIKE '%Iron%Man%') AND chn.id = ci.person_role_id)) as t_ci 
on(t_ci.movie_id = t_mk.movie_id);"
20c,"select count(*) from 
complete_cast AS cc 
join comp_cast_type AS cct1 on (cct1.kind = 'cast' AND cct1.id = cc.subject_id)
join comp_cast_type AS cct2 on (cct2.kind LIKE '%complete%' AND cct2.id = cc.status_id)
join title AS t on (t.production_year > 2000 AND t.id = cc.movie_id)
join kind_type AS kt on (kt.kind = 'movie' AND kt.id = t.kind_id)
join
 (select movie_id from movie_keyword AS mk 
join keyword AS k on (k.keyword IN ('superhero', 'marvel-comics', 'based-on-comic', 'tv-special', 'fight', 'violence', 'magnet', 'web', 'claw', 'laser') AND k.id = mk.keyword_id)) as t_mk 
on(t_mk.movie_id = cc.movie_id)
JOIN cast_info AS ci  
on(ci.movie_id = t_mk.movie_id)
join char_name AS chn on (chn.name IS NOT NULL AND (chn.name LIKE '%man%' OR chn.name LIKE '%Man%') AND chn.id = ci.person_role_id)
join name AS n on (n.id = ci.person_id);"
21a,"select count(*) from 
movie_link AS ml 
join link_type AS lt on (lt.link LIKE '%follow%' AND lt.id = ml.link_type_id)
join title AS t on (t.production_year BETWEEN 1950 AND 2000 AND ml.movie_id = t.id)
JOIN movie_companies AS mc  
on(mc.movie_id = ml.movie_id and mc.note IS NULL)
join company_type AS ct on (ct.kind ='production companies' AND mc.company_type_id = ct.id)
join company_name AS cn on (cn.country_code !='[pl]' AND (cn.name LIKE '%Film%' OR cn.name LIKE '%Warner%') AND mc.company_id = cn.id)
join
 (select movie_id from movie_keyword AS mk 
join keyword AS k on (k.keyword ='sequel' AND mk.keyword_id = k.id)) as t_mk 
on(t_mk.movie_id = mc.movie_id)
JOIN movie_info AS mi  
on(mi.movie_id = t_mk.movie_id and mi.info IN ('Sweden', 'Norway', 'Germany', 'Denmark', 'Swedish','Denish', 'Norwegian', 'German'));"
21b,"select count(*) from 
movie_link AS ml 
join link_type AS lt on (lt.link LIKE '%follow%' AND lt.id = ml.link_type_id)
join title AS t on (t.production_year BETWEEN 2000 AND 2010 AND ml.movie_id = t.id)
JOIN movie_companies AS mc  
on(mc.movie_id = ml.movie_id and mc.note IS NULL)
join company_type AS ct on (ct.kind ='production companies' AND mc.company_type_id = ct.id)
join company_name AS cn on (cn.country_code !='[pl]' AND (cn.name LIKE '%Film%'  OR cn.name LIKE '%Warner%') AND mc.company_id = cn.id)
join
 (select movie_id from movie_keyword AS mk 
join keyword AS k on (k.keyword ='sequel' AND mk.keyword_id = k.id)) as t_mk 
on(t_mk.movie_id = mc.movie_id)
JOIN movie_info AS mi  
on(mi.movie_id = t_mk.movie_id and mi.info IN ('Germany', 'German'));"
21c,"select count(*) from 
movie_link AS ml 
join link_type AS lt on (lt.link LIKE '%follow%' AND lt.id = ml.link_type_id)
join title AS t on (t.production_year BETWEEN 1950 AND 2010 AND ml.movie_id = t.id)
JOIN movie_companies AS mc  
on(mc.movie_id = ml.movie_id and mc.note IS NULL)
join company_type AS ct on (ct.kind ='production companies' AND mc.company_type_id = ct.id)
join company_name AS cn on (cn.country_code !='[pl]' AND (cn.name LIKE '%Film%'  OR cn.name LIKE '%Warner%') AND mc.company_id = cn.id)
join
 (select movie_id from movie_keyword AS mk 
join keyword AS k on (k.keyword ='sequel' AND mk.keyword_id = k.id)) as t_mk 
on(t_mk.movie_id = mc.movie_id)
JOIN movie_info AS mi  
on(mi.movie_id = t_mk.movie_id and mi.info IN ('Sweden',  'Norway', 'Germany', 'Denmark', 'Swedish', 'Denish', 'Norwegian', 'German', 'English'));"
22a,"select count(*) from 
movie_companies AS mc 
join company_type AS ct on (ct.id = mc.company_type_id and mc.note NOT LIKE '%(USA)%' AND mc.note LIKE '%(200%)%')
join company_name AS cn on (cn.country_code != '[us]' AND cn.id = mc.company_id)
join title AS t on (t.production_year > 2008 AND t.id = mc.movie_id)
join kind_type AS kt on (kt.kind IN ('movie', 'episode') AND kt.id = t.kind_id)
join
 (select movie_id from movie_info_idx AS mi_idx 
join info_type AS it2 on (it2.info = 'rating' AND it2.id = mi_idx.info_type_id and mi_idx.info < '7.0')) as t_mi_idx 
on(t_mi_idx.movie_id = mc.movie_id)
join
 (select movie_id from movie_keyword AS mk 
join keyword AS k on (k.keyword IN ('murder', 'murder-in-title', 'blood', 'violence') AND k.id = mk.keyword_id)) as t_mk 
on(t_mk.movie_id = t_mi_idx.movie_id)
JOIN movie_info AS mi  
on(mi.movie_id = t_mk.movie_id and mi.info IN ('Germany', 'German', 'USA','American'))
join info_type AS it1 on (it1.info = 'countries' AND it1.id = mi.info_type_id);"
22b,"select count(*) from 
movie_companies AS mc 
join company_type AS ct on (ct.id = mc.company_type_id and mc.note NOT LIKE '%(USA)%' AND mc.note LIKE '%(200%)%')
join company_name AS cn on (cn.country_code != '[us]' AND cn.id = mc.company_id)
join title AS t on (t.production_year > 2009 AND t.id = mc.movie_id)
join kind_type AS kt on (kt.kind IN ('movie', 'episode') AND kt.id = t.kind_id)
join
 (select movie_id from movie_info_idx AS mi_idx 
join info_type AS it2 on (it2.info = 'rating' AND it2.id = mi_idx.info_type_id and mi_idx.info < '7.0')) as t_mi_idx 
on(t_mi_idx.movie_id = mc.movie_id)
join
 (select movie_id from movie_keyword AS mk 
join keyword AS k on (k.keyword IN ('murder', 'murder-in-title', 'blood', 'violence') AND k.id = mk.keyword_id)) as t_mk 
on(t_mk.movie_id = t_mi_idx.movie_id)
JOIN movie_info AS mi  
on(mi.movie_id = t_mk.movie_id and mi.info IN ('Germany', 'German', 'USA', 'American'))
join info_type AS it1 on (it1.info = 'countries' AND it1.id = mi.info_type_id);"
22c,"select count(*) from 
movie_companies AS mc 
join company_type AS ct on (ct.id = mc.company_type_id and mc.note NOT LIKE '%(USA)%' AND mc.note LIKE '%(200%)%')
join company_name AS cn on (cn.country_code != '[us]' AND cn.id = mc.company_id)
join title AS t on (t.production_year > 2005 AND t.id = mc.movie_id)
join kind_type AS kt on (kt.kind IN ('movie', 'episode') AND kt.id = t.kind_id)
join
 (select movie_id from movie_info_idx AS mi_idx 
join info_type AS it2 on (it2.info = 'rating' AND it2.id = mi_idx.info_type_id and mi_idx.info < '8.5')) as t_mi_idx 
on(t_mi_idx.movie_id = mc.movie_id)
join
 (select movie_id from movie_keyword AS mk 
join keyword AS k on (k.keyword IN ('murder','murder-in-title','blood', 'violence') AND k.id = mk.keyword_id)) as t_mk 
on(t_mk.movie_id = t_mi_idx.movie_id)
JOIN movie_info AS mi  
on(mi.movie_id = t_mk.movie_id and mi.info IN ('Sweden', 'Norway', 'Germany',  'Denmark', 'Swedish', 'Danish',  'Norwegian',  'German',  'USA', 'American'))
join info_type AS it1 on (it1.info = 'countries' AND it1.id = mi.info_type_id);"
22d,"select count(*) from 
movie_keyword AS mk 
join keyword AS k on (k.keyword IN ('murder', 'murder-in-title', 'blood',  'violence') AND k.id = mk.keyword_id)
join title AS t on (t.production_year > 2005 AND t.id = mk.movie_id)
join kind_type AS kt on (kt.kind IN ('movie', 'episode') AND kt.id = t.kind_id)
join
 (select movie_id from movie_info_idx AS mi_idx 
join info_type AS it2 on (it2.info = 'rating' AND it2.id = mi_idx.info_type_id and mi_idx.info < '8.5')) as t_mi_idx 
on(t_mi_idx.movie_id = mk.movie_id)
JOIN movie_companies AS mc  
on(mc.movie_id = t_mi_idx.movie_id)
join company_type AS ct on (ct.id = mc.company_type_id)
join company_name AS cn on (cn.country_code != '[us]' AND cn.id = mc.company_id)
JOIN movie_info AS mi  
on(mi.movie_id = mc.movie_id and mi.info IN ('Sweden', 'Norway', 'Germany', 'Denmark', 'Swedish', 'Danish', 'Norwegian', 'German', 'USA', 'American'))
join info_type AS it1 on (it1.info = 'countries' AND it1.id = mi.info_type_id);"
23a,"select count(*) from 
movie_info AS mi 
join info_type AS it1 on (it1.info = 'release dates' AND it1.id = mi.info_type_id and mi.note LIKE '%internet%' AND mi.info IS NOT NULL AND (mi.info LIKE 'USA:% 199%' OR mi.info LIKE 'USA:% 200%'))
join title AS t on (t.production_year > 2000 AND t.id = mi.movie_id)
join kind_type AS kt on (kt.kind IN ('movie') AND kt.id = t.kind_id)
join
 (select movie_id from complete_cast AS cc 
join comp_cast_type AS cct1 on (cct1.kind = 'complete+verified' AND cct1.id = cc.status_id)) as t_cc 
on(t_cc.movie_id = mi.movie_id)
JOIN movie_companies AS mc  
on(mc.movie_id = t_cc.movie_id)
join company_type AS ct on (ct.id = mc.company_type_id)
join company_name AS cn on (cn.country_code = '[us]' AND cn.id = mc.company_id)
JOIN movie_keyword AS mk  
on(mk.movie_id = mc.movie_id)
join keyword AS k on (k.id = mk.keyword_id);"
23b,"select count(*) from 
movie_info AS mi 
join info_type AS it1 on (it1.info = 'release dates' AND it1.id = mi.info_type_id and mi.note LIKE '%internet%' AND mi.info LIKE 'USA:% 200%')
join title AS t on (t.production_year > 2000 AND t.id = mi.movie_id)
join kind_type AS kt on (kt.kind IN ('movie') AND kt.id = t.kind_id)
join
 (select movie_id from complete_cast AS cc 
join comp_cast_type AS cct1 on (cct1.kind = 'complete+verified' AND cct1.id = cc.status_id)) as t_cc 
on(t_cc.movie_id = mi.movie_id)
JOIN movie_companies AS mc  
on(mc.movie_id = t_cc.movie_id)
join company_type AS ct on (ct.id = mc.company_type_id)
join company_name AS cn on (cn.country_code = '[us]' AND cn.id = mc.company_id)
join
 (select movie_id from movie_keyword AS mk 
join keyword AS k on (k.keyword IN ('nerd', 'loner','alienation', 'dignity') AND k.id = mk.keyword_id)) as t_mk 
on(t_mk.movie_id = mc.movie_id);"
23c,"select count(*) from 
movie_info AS mi 
join info_type AS it1 on (it1.info = 'release dates' AND it1.id = mi.info_type_id and mi.note LIKE '%internet%' AND mi.info IS NOT NULL AND (mi.info LIKE 'USA:% 199%' OR mi.info LIKE 'USA:% 200%'))
join title AS t on (t.production_year > 1990 AND t.id = mi.movie_id)
join kind_type AS kt on (kt.kind IN ('movie', 'tv movie', 'video movie', 'video game') AND kt.id = t.kind_id)
join
 (select movie_id from complete_cast AS cc 
join comp_cast_type AS cct1 on (cct1.kind = 'complete+verified' AND cct1.id = cc.status_id)) as t_cc 
on(t_cc.movie_id = mi.movie_id)
JOIN movie_companies AS mc  
on(mc.movie_id = t_cc.movie_id)
join company_type AS ct on (ct.id = mc.company_type_id)
join company_name AS cn on (cn.country_code = '[us]' AND cn.id = mc.company_id)
JOIN movie_keyword AS mk  
on(mk.movie_id = mc.movie_id)
join keyword AS k on (k.id = mk.keyword_id);"
24a,"select count(*) from 
movie_keyword AS mk 
join keyword AS k on (k.keyword IN ('hero', 'martial-arts', 'hand-to-hand-combat') AND k.id = mk.keyword_id)
join title AS t on (t.production_year > 2010 AND t.id = mk.movie_id)
JOIN movie_companies AS mc  
on(mc.movie_id = mk.movie_id)
join company_name AS cn on (cn.country_code ='[us]' AND cn.id = mc.company_id)
JOIN cast_info AS ci  
on(ci.movie_id = mc.movie_id and ci.note IN ('(voice)', '(voice: Japanese version)', '(voice) (uncredited)', '(voice: English version)'))
join role_type AS rt on (rt.role ='actress' AND rt.id = ci.role_id)
join char_name AS chn on (chn.id = ci.person_role_id)
JOIN aka_name AS an  
on(an.person_id = ci.person_id)
join name AS n on (n.gender ='f' AND n.name LIKE '%An%' AND n.id = an.person_id)
JOIN movie_info AS mi  
on(mi.movie_id = ci.movie_id and mi.info IS NOT NULL AND (mi.info LIKE 'Japan:%201%' OR mi.info LIKE 'USA:%201%'))
join info_type AS it on (it.info = 'release dates' AND it.id = mi.info_type_id);"
24b,"select count(*) from 
movie_companies AS mc 
join company_name AS cn on (cn.country_code ='[us]' AND cn.name = 'DreamWorks Animation' AND cn.id = mc.company_id)
join title AS t on (t.production_year > 2010 AND t.title LIKE 'Kung Fu Panda%' AND t.id = mc.movie_id)
join
 (select movie_id from movie_keyword AS mk 
join keyword AS k on (k.keyword IN ('hero', 'martial-arts', 'hand-to-hand-combat', 'computer-animated-movie') AND k.id = mk.keyword_id)) as t_mk 
on(t_mk.movie_id = mc.movie_id)
JOIN cast_info AS ci  
on(ci.movie_id = t_mk.movie_id and ci.note IN ('(voice)', '(voice: Japanese version)', '(voice) (uncredited)',  '(voice: English version)'))
join role_type AS rt on (rt.role ='actress' AND rt.id = ci.role_id)
join char_name AS chn on (chn.id = ci.person_role_id)
JOIN aka_name AS an  
on(an.person_id = ci.person_id)
join name AS n on (n.gender ='f' AND n.name LIKE '%An%' AND n.id = an.person_id)
JOIN movie_info AS mi  
on(mi.movie_id = ci.movie_id and mi.info IS NOT NULL AND (mi.info LIKE 'Japan:%201%' OR mi.info LIKE 'USA:%201%'))
join info_type AS it on (it.info = 'release dates' AND it.id = mi.info_type_id);"
25a,"select count(*) from 
movie_info AS mi 
join info_type AS it1 on (it1.info = 'genres' AND it1.id = mi.info_type_id and mi.info = 'Horror')
join title AS t on (t.id = mi.movie_id)
join
 (select movie_id from movie_info_idx AS mi_idx 
join info_type AS it2 on (it2.info = 'votes' AND it2.id = mi_idx.info_type_id)) as t_mi_idx 
on(t_mi_idx.movie_id = mi.movie_id)
join
 (select movie_id from movie_keyword AS mk 
join keyword AS k on (k.keyword IN ('murder', 'blood',  'gore',  'death', 'female-nudity') AND k.id = mk.keyword_id)) as t_mk 
on(t_mk.movie_id = t_mi_idx.movie_id)
JOIN cast_info AS ci  
on(ci.movie_id = t_mk.movie_id and ci.note IN ('(writer)', '(head writer)', '(written by)', '(story)', '(story editor)'))
join name AS n on (n.gender = 'm' AND n.id = ci.person_id);"
25b,"select count(*) from 
movie_info_idx AS mi_idx 
join info_type AS it2 on (it2.info = 'votes' AND it2.id = mi_idx.info_type_id)
join title AS t on (t.production_year > 2010 AND t.title LIKE 'Vampire%' AND t.id = mi_idx.movie_id)
JOIN movie_info AS mi  
on(mi.movie_id = mi_idx.movie_id and mi.info = 'Horror')
join info_type AS it1 on (it1.info = 'genres' AND it1.id = mi.info_type_id)
join
 (select movie_id from movie_keyword AS mk 
join keyword AS k on (k.keyword IN ('murder', 'blood', 'gore', 'death', 'female-nudity') AND k.id = mk.keyword_id)) as t_mk 
on(t_mk.movie_id = mi.movie_id)
JOIN cast_info AS ci  
on(ci.movie_id = t_mk.movie_id and ci.note IN ('(writer)', '(head writer)', '(written by)', '(story)', '(story editor)'))
join name AS n on (n.gender = 'm' AND n.id = ci.person_id);"
25c,"select count(*) from 
movie_info AS mi 
join info_type AS it1 on (it1.info = 'genres' AND it1.id = mi.info_type_id and mi.info IN ('Horror', 'Action', 'Sci-Fi', 'Thriller', 'Crime', 'War'))
join title AS t on (t.id = mi.movie_id)
join
 (select movie_id from movie_info_idx AS mi_idx 
join info_type AS it2 on (it2.info = 'votes' AND it2.id = mi_idx.info_type_id)) as t_mi_idx 
on(t_mi_idx.movie_id = mi.movie_id)
join
 (select movie_id from movie_keyword AS mk 
join keyword AS k on (k.keyword IN ('murder',  'violence', 'blood', 'gore', 'death', 'female-nudity', 'hospital') AND k.id = mk.keyword_id)) as t_mk 
on(t_mk.movie_id = t_mi_idx.movie_id)
JOIN cast_info AS ci  
on(ci.movie_id = t_mk.movie_id and ci.note IN ('(writer)', '(head writer)', '(written by)',  '(story)',  '(story editor)'))
join name AS n on (n.gender = 'm' AND n.id = ci.person_id);"
26a,"select count(*) from 
complete_cast AS cc 
join comp_cast_type AS cct1 on (cct1.kind = 'cast' AND cct1.id = cc.subject_id)
join comp_cast_type AS cct2 on (cct2.kind LIKE '%complete%' AND cct2.id = cc.status_id)
join title AS t on (t.production_year > 2000 AND t.id = cc.movie_id)
join kind_type AS kt on (kt.kind = 'movie' AND kt.id = t.kind_id)
JOIN movie_info_idx AS mi_idx  
on(mi_idx.movie_id = cc.movie_id and mi_idx.info > '7.0')
join info_type AS it2 on (it2.info = 'rating' AND it2.id = mi_idx.info_type_id)
join
 (select movie_id from movie_keyword AS mk 
join keyword AS k on (k.keyword IN ('superhero', 'marvel-comics', 'based-on-comic', 'tv-special', 'fight', 'violence', 'magnet', 'web', 'claw', 'laser') AND k.id = mk.keyword_id)) as t_mk 
on(t_mk.movie_id = mi_idx.movie_id)
JOIN cast_info AS ci  
on(ci.movie_id = t_mk.movie_id)
join char_name AS chn on (chn.name IS NOT NULL AND (chn.name LIKE '%man%' OR chn.name LIKE '%Man%') AND chn.id = ci.person_role_id)
join name AS n on (n.id = ci.person_id);"
26b,"select count(*) from 
complete_cast AS cc 
join comp_cast_type AS cct1 on (cct1.kind = 'cast' AND cct1.id = cc.subject_id)
join comp_cast_type AS cct2 on (cct2.kind LIKE '%complete%' AND cct2.id = cc.status_id)
join title AS t on (t.production_year > 2005 AND t.id = cc.movie_id)
join kind_type AS kt on (kt.kind = 'movie' AND kt.id = t.kind_id)
JOIN movie_info_idx AS mi_idx  
on(mi_idx.movie_id = cc.movie_id and mi_idx.info > '8.0')
join info_type AS it2 on (it2.info = 'rating' AND it2.id = mi_idx.info_type_id)
join
 (select movie_id from movie_keyword AS mk 
join keyword AS k on (k.keyword IN ('superhero', 'marvel-comics', 'based-on-comic', 'fight') AND k.id = mk.keyword_id)) as t_mk 
on(t_mk.movie_id = mi_idx.movie_id)
JOIN cast_info AS ci  
on(ci.movie_id = t_mk.movie_id)
join char_name AS chn on (chn.name IS NOT NULL AND (chn.name LIKE '%man%' OR chn.name LIKE '%Man%') AND chn.id = ci.person_role_id)
join name AS n on (n.id = ci.person_id);"
26c,"select count(*) from 
complete_cast AS cc 
join comp_cast_type AS cct1 on (cct1.kind = 'cast' AND cct1.id = cc.subject_id)
join comp_cast_type AS cct2 on (cct2.kind LIKE '%complete%' AND cct2.id = cc.status_id)
join title AS t on (t.production_year > 2000 AND t.id = cc.movie_id)
join kind_type AS kt on (kt.kind = 'movie' AND kt.id = t.kind_id)
join
 (select movie_id from movie_info_idx AS mi_idx 
join info_type AS it2 on (it2.info = 'rating' AND it2.id = mi_idx.info_type_id)) as t_mi_idx 
on(t_mi_idx.movie_id = cc.movie_id)
join
 (select movie_id from movie_keyword AS mk 
join keyword AS k on (k.keyword IN ('superhero', 'marvel-comics', 'based-on-comic', 'tv-special', 'fight', 'violence', 'magnet', 'web', 'claw', 'laser') AND k.id = mk.keyword_id)) as t_mk 
on(t_mk.movie_id = t_mi_idx.movie_id)
JOIN cast_info AS ci  
on(ci.movie_id = t_mk.movie_id)
join char_name AS chn on (chn.name IS NOT NULL AND (chn.name LIKE '%man%' OR chn.name LIKE '%Man%') AND chn.id = ci.person_role_id)
join name AS n on (n.id = ci.person_id);"
27a,"select count(*) from 
movie_link AS ml 
join link_type AS lt on (lt.link LIKE '%follow%' AND lt.id = ml.link_type_id)
join title AS t on (t.production_year BETWEEN 1950 AND 2000 AND ml.movie_id = t.id)
join
 (select movie_id from complete_cast AS cc 
join comp_cast_type AS cct2 on (cct2.kind = 'complete' AND cct2.id = cc.status_id)
join comp_cast_type AS cct1 on (cct1.kind IN ('cast', 'crew') AND cct1.id = cc.subject_id)) as t_cc 
on(t_cc.movie_id = ml.movie_id)
JOIN movie_companies AS mc  
on(mc.movie_id = t_cc.movie_id and mc.note IS NULL)
join company_type AS ct on (ct.kind ='production companies' AND mc.company_type_id = ct.id)
join company_name AS cn on (cn.country_code !='[pl]' AND (cn.name LIKE '%Film%' OR cn.name LIKE '%Warner%') AND mc.company_id = cn.id)
join
 (select movie_id from movie_keyword AS mk 
join keyword AS k on (k.keyword ='sequel' AND mk.keyword_id = k.id)) as t_mk 
on(t_mk.movie_id = mc.movie_id)
JOIN movie_info AS mi  
on(mi.movie_id = t_mk.movie_id and mi.info IN ('Sweden', 'Germany', 'Swedish', 'German'));"
27b,"select count(*) from 
movie_link AS ml 
join link_type AS lt on (lt.link LIKE '%follow%' AND lt.id = ml.link_type_id)
join title AS t on (t.production_year = 1998 AND ml.movie_id = t.id)
join
 (select movie_id from complete_cast AS cc 
join comp_cast_type AS cct2 on (cct2.kind = 'complete' AND cct2.id = cc.status_id)
join comp_cast_type AS cct1 on (cct1.kind IN ('cast',  'crew') AND cct1.id = cc.subject_id)) as t_cc 
on(t_cc.movie_id = ml.movie_id)
JOIN movie_companies AS mc  
on(mc.movie_id = t_cc.movie_id and mc.note IS NULL)
join company_type AS ct on (ct.kind ='production companies' AND mc.company_type_id = ct.id)
join company_name AS cn on (cn.country_code !='[pl]' AND (cn.name LIKE '%Film%' OR cn.name LIKE '%Warner%') AND mc.company_id = cn.id)
join
 (select movie_id from movie_keyword AS mk 
join keyword AS k on (k.keyword ='sequel' AND mk.keyword_id = k.id)) as t_mk 
on(t_mk.movie_id = mc.movie_id)
JOIN movie_info AS mi  
on(mi.movie_id = t_mk.movie_id and mi.info IN ('Sweden', 'Germany', 'Swedish', 'German'));"
27c,"select count(*) from 
movie_link AS ml 
join link_type AS lt on (lt.link LIKE '%follow%' AND lt.id = ml.link_type_id)
join title AS t on (t.production_year BETWEEN 1950 AND 2010 AND ml.movie_id = t.id)
join
 (select movie_id from complete_cast AS cc 
join comp_cast_type AS cct1 on (cct1.kind = 'cast' AND cct1.id = cc.subject_id)
join comp_cast_type AS cct2 on (cct2.kind LIKE 'complete%' AND cct2.id = cc.status_id)) as t_cc 
on(t_cc.movie_id = ml.movie_id)
JOIN movie_companies AS mc  
on(mc.movie_id = t_cc.movie_id and mc.note IS NULL)
join company_type AS ct on (ct.kind ='production companies' AND mc.company_type_id = ct.id)
join company_name AS cn on (cn.country_code !='[pl]' AND (cn.name LIKE '%Film%' OR cn.name LIKE '%Warner%') AND mc.company_id = cn.id)
join
 (select movie_id from movie_keyword AS mk 
join keyword AS k on (k.keyword ='sequel' AND mk.keyword_id = k.id)) as t_mk 
on(t_mk.movie_id = mc.movie_id)
JOIN movie_info AS mi  
on(mi.movie_id = t_mk.movie_id and mi.info IN ('Sweden', 'Norway', 'Germany', 'Denmark', 'Swedish','Denish', 'Norwegian', 'German', 'English'));"
28a,"select count(*) from 
complete_cast AS cc 
join comp_cast_type AS cct1 on (cct1.kind = 'crew' AND cct1.id = cc.subject_id)
join comp_cast_type AS cct2 on (cct2.kind != 'complete+verified' AND cct2.id = cc.status_id)
join title AS t on (t.production_year > 2000 AND t.id = cc.movie_id)
join kind_type AS kt on (kt.kind IN ('movie',  'episode') AND kt.id = t.kind_id)
join
 (select movie_id from movie_info_idx AS mi_idx 
join info_type AS it2 on (it2.info = 'rating' AND it2.id = mi_idx.info_type_id and mi_idx.info < '8.5')) as t_mi_idx 
on(t_mi_idx.movie_id = cc.movie_id)
JOIN movie_companies AS mc  
on(mc.movie_id = t_mi_idx.movie_id and mc.note NOT LIKE '%(USA)%' AND mc.note LIKE '%(200%)%')
join company_type AS ct on (ct.id = mc.company_type_id)
join company_name AS cn on (cn.country_code != '[us]' AND cn.id = mc.company_id)
join
 (select movie_id from movie_keyword AS mk 
join keyword AS k on (k.keyword IN ('murder', 'murder-in-title', 'blood', 'violence') AND k.id = mk.keyword_id)) as t_mk 
on(t_mk.movie_id = mc.movie_id)
JOIN movie_info AS mi  
on(mi.movie_id = t_mk.movie_id and mi.info IN ('Sweden', 'Norway', 'Germany', 'Denmark', 'Swedish','Danish', 'Norwegian', 'German', 'USA', 'American'))
join info_type AS it1 on (it1.info = 'countries' AND it1.id = mi.info_type_id);"
28b,"select count(*) from 
complete_cast AS cc 
join comp_cast_type AS cct1 on (cct1.kind = 'crew' AND cct1.id = cc.subject_id)
join comp_cast_type AS cct2 on (cct2.kind != 'complete+verified' AND cct2.id = cc.status_id)
join title AS t on (t.production_year > 2005 AND t.id = cc.movie_id)
join kind_type AS kt on (kt.kind IN ('movie', 'episode') AND kt.id = t.kind_id)
JOIN movie_info AS mi  
on(mi.movie_id = cc.movie_id and mi.info IN ('Sweden',  'Germany', 'Swedish', 'German'))
join info_type AS it1 on (it1.info = 'countries' AND it1.id = mi.info_type_id)
JOIN movie_info_idx AS mi_idx  
on(mi_idx.movie_id = mi.movie_id and mi_idx.info > '6.5')
join info_type AS it2 on (it2.info = 'rating' AND it2.id = mi_idx.info_type_id)
JOIN movie_companies AS mc  
on(mc.movie_id = mi_idx.movie_id and mc.note NOT LIKE '%(USA)%' AND mc.note LIKE '%(200%)%')
join company_type AS ct on (ct.id = mc.company_type_id)
join company_name AS cn on (cn.country_code != '[us]' AND cn.id = mc.company_id)
join
 (select movie_id from movie_keyword AS mk 
join keyword AS k on (k.keyword IN ('murder', 'murder-in-title', 'blood',  'violence') AND k.id = mk.keyword_id)) as t_mk 
on(t_mk.movie_id = mc.movie_id);"
28c,"select count(*) from 
complete_cast AS cc 
join comp_cast_type AS cct1 on (cct1.kind = 'cast' AND cct1.id = cc.subject_id)
join comp_cast_type AS cct2 on (cct2.kind = 'complete' AND cct2.id = cc.status_id)
join title AS t on (t.production_year > 2005 AND t.id = cc.movie_id)
join kind_type AS kt on (kt.kind IN ('movie', 'episode') AND kt.id = t.kind_id)
join
 (select movie_id from movie_info_idx AS mi_idx 
join info_type AS it2 on (it2.info = 'rating' AND it2.id = mi_idx.info_type_id and mi_idx.info < '8.5')) as t_mi_idx 
on(t_mi_idx.movie_id = cc.movie_id)
JOIN movie_companies AS mc  
on(mc.movie_id = t_mi_idx.movie_id and mc.note NOT LIKE '%(USA)%' AND mc.note LIKE '%(200%)%')
join company_type AS ct on (ct.id = mc.company_type_id)
join company_name AS cn on (cn.country_code != '[us]' AND cn.id = mc.company_id)
join
 (select movie_id from movie_keyword AS mk 
join keyword AS k on (k.keyword IN ('murder', 'murder-in-title', 'blood', 'violence') AND k.id = mk.keyword_id)) as t_mk 
on(t_mk.movie_id = mc.movie_id)
JOIN movie_info AS mi  
on(mi.movie_id = t_mk.movie_id and mi.info IN ('Sweden', 'Norway', 'Germany', 'Denmark', 'Swedish', 'Danish', 'Norwegian', 'German', 'USA', 'American'))
join info_type AS it1 on (it1.info = 'countries' AND it1.id = mi.info_type_id);"
29a,"select count(*) from 
complete_cast AS cc 
join comp_cast_type AS cct1 on (cct1.kind ='cast' AND cct1.id = cc.subject_id)
join comp_cast_type AS cct2 on (cct2.kind ='complete+verified' AND cct2.id = cc.status_id)
join title AS t on (t.title = 'Shrek 2' AND t.production_year BETWEEN 2000 AND 2010 AND t.id = cc.movie_id)
JOIN movie_companies AS mc  
on(mc.movie_id = cc.movie_id)
join company_name AS cn on (cn.country_code ='[us]' AND cn.id = mc.company_id)
join
 (select movie_id from movie_keyword AS mk 
join keyword AS k on (k.keyword = 'computer-animation' AND k.id = mk.keyword_id)) as t_mk 
on(t_mk.movie_id = mc.movie_id)
JOIN cast_info AS ci  
on(ci.movie_id = t_mk.movie_id and ci.note IN ('(voice)', '(voice) (uncredited)', '(voice: English version)'))
join char_name AS chn on (chn.name = 'Queen' AND chn.id = ci.person_role_id)
join role_type AS rt on (rt.role ='actress' AND rt.id = ci.role_id)
JOIN aka_name AS an  
on(an.person_id = ci.person_id)
join name AS n on (n.gender ='f' AND n.name LIKE '%An%' AND n.id = an.person_id)
join
 (select person_id from person_info AS pi 
join info_type AS it3 on (it3.info = 'trivia' AND it3.id = pi.info_type_id)) as t_pi 
on(t_pi.person_id = an.person_id)
JOIN movie_info AS mi  
on(mi.movie_id = ci.movie_id and mi.info IS NOT NULL AND (mi.info LIKE 'Japan:%200%' OR mi.info LIKE 'USA:%200%'))
join info_type AS it on (it.info = 'release dates' AND it.id = mi.info_type_id);"
29b,"select count(*) from 
complete_cast AS cc 
join comp_cast_type AS cct1 on (cct1.kind ='cast' AND cct1.id = cc.subject_id)
join comp_cast_type AS cct2 on (cct2.kind ='complete+verified' AND cct2.id = cc.status_id)
join title AS t on (t.title = 'Shrek 2' AND t.production_year BETWEEN 2000 AND 2005 AND t.id = cc.movie_id)
JOIN movie_companies AS mc  
on(mc.movie_id = cc.movie_id)
join company_name AS cn on (cn.country_code ='[us]' AND cn.id = mc.company_id)
join
 (select movie_id from movie_keyword AS mk 
join keyword AS k on (k.keyword = 'computer-animation' AND k.id = mk.keyword_id)) as t_mk 
on(t_mk.movie_id = mc.movie_id)
JOIN cast_info AS ci  
on(ci.movie_id = t_mk.movie_id and ci.note IN ('(voice)', '(voice) (uncredited)', '(voice: English version)'))
join char_name AS chn on (chn.name = 'Queen' AND chn.id = ci.person_role_id)
join role_type AS rt on (rt.role ='actress' AND rt.id = ci.role_id)
JOIN aka_name AS an  
on(an.person_id = ci.person_id)
join name AS n on (n.gender ='f' AND n.name LIKE '%An%' AND n.id = an.person_id)
join
 (select person_id from person_info AS pi 
join info_type AS it3 on (it3.info = 'height' AND it3.id = pi.info_type_id)) as t_pi 
on(t_pi.person_id = an.person_id)
JOIN movie_info AS mi  
on(mi.movie_id = ci.movie_id and mi.info LIKE 'USA:%200%')
join info_type AS it on (it.info = 'release dates' AND it.id = mi.info_type_id);"
29c,"select count(*) from 
complete_cast AS cc 
join comp_cast_type AS cct1 on (cct1.kind ='cast' AND cct1.id = cc.subject_id)
join comp_cast_type AS cct2 on (cct2.kind ='complete+verified' AND cct2.id = cc.status_id)
join title AS t on (t.production_year BETWEEN 2000 AND 2010 AND t.id = cc.movie_id)
join
 (select movie_id from movie_keyword AS mk 
join keyword AS k on (k.keyword = 'computer-animation' AND k.id = mk.keyword_id)) as t_mk 
on(t_mk.movie_id = cc.movie_id)
JOIN movie_companies AS mc  
on(mc.movie_id = t_mk.movie_id)
join company_name AS cn on (cn.country_code ='[us]' AND cn.id = mc.company_id)
JOIN cast_info AS ci  
on(ci.movie_id = mc.movie_id and ci.note IN ('(voice)', '(voice: Japanese version)', '(voice) (uncredited)', '(voice: English version)'))
join role_type AS rt on (rt.role ='actress' AND rt.id = ci.role_id)
join char_name AS chn on (chn.id = ci.person_role_id)
JOIN aka_name AS an  
on(an.person_id = ci.person_id)
join name AS n on (n.gender ='f' AND n.name LIKE '%An%' AND n.id = an.person_id)
join
 (select person_id from person_info AS pi 
join info_type AS it3 on (it3.info = 'trivia' AND it3.id = pi.info_type_id)) as t_pi 
on(t_pi.person_id = an.person_id)
JOIN movie_info AS mi  
on(mi.movie_id = ci.movie_id and mi.info IS NOT NULL AND (mi.info LIKE 'Japan:%200%' OR mi.info LIKE 'USA:%200%'))
join info_type AS it on (it.info = 'release dates' AND it.id = mi.info_type_id);"
30a,"select count(*) from 
complete_cast AS cc 
join comp_cast_type AS cct2 on (cct2.kind ='complete+verified' AND cct2.id = cc.status_id)
join comp_cast_type AS cct1 on (cct1.kind IN ('cast', 'crew') AND cct1.id = cc.subject_id)
join title AS t on (t.production_year > 2000 AND t.id = cc.movie_id)
JOIN movie_info AS mi  
on(mi.movie_id = cc.movie_id and mi.info IN ('Horror',  'Thriller'))
join info_type AS it1 on (it1.info = 'genres' AND it1.id = mi.info_type_id)
join
 (select movie_id from movie_info_idx AS mi_idx 
join info_type AS it2 on (it2.info = 'votes' AND it2.id = mi_idx.info_type_id)) as t_mi_idx 
on(t_mi_idx.movie_id = mi.movie_id)
join
 (select movie_id from movie_keyword AS mk 
join keyword AS k on (k.keyword IN ('murder', 'violence', 'blood', 'gore', 'death', 'female-nudity',   'hospital') AND k.id = mk.keyword_id)) as t_mk 
on(t_mk.movie_id = t_mi_idx.movie_id)
JOIN cast_info AS ci  
on(ci.movie_id = t_mk.movie_id and ci.note IN ('(writer)', '(head writer)', '(written by)', '(story)', '(story editor)'))
join name AS n on (n.gender = 'm' AND n.id = ci.person_id);"
30b,"select count(*) from 
complete_cast AS cc 
join comp_cast_type AS cct2 on (cct2.kind ='complete+verified' AND cct2.id = cc.status_id)
join comp_cast_type AS cct1 on (cct1.kind IN ('cast', 'crew') AND cct1.id = cc.subject_id)
join title AS t on (t.production_year > 2000 AND (t.title LIKE '%Freddy%' OR t.title LIKE '%Jason%' OR t.title LIKE 'Saw%') AND t.id = cc.movie_id)
join
 (select movie_id from movie_info_idx AS mi_idx 
join info_type AS it2 on (it2.info = 'votes' AND it2.id = mi_idx.info_type_id)) as t_mi_idx 
on(t_mi_idx.movie_id = cc.movie_id)
JOIN movie_info AS mi  
on(mi.movie_id = t_mi_idx.movie_id and mi.info IN ('Horror', 'Thriller'))
join info_type AS it1 on (it1.info = 'genres' AND it1.id = mi.info_type_id)
join
 (select movie_id from movie_keyword AS mk 
join keyword AS k on (k.keyword IN ('murder', 'violence', 'blood', 'gore', 'death', 'female-nudity', 'hospital') AND k.id = mk.keyword_id)) as t_mk 
on(t_mk.movie_id = mi.movie_id)
JOIN cast_info AS ci  
on(ci.movie_id = t_mk.movie_id and ci.note IN ('(writer)', '(head writer)', '(written by)', '(story)', '(story editor)'))
join name AS n on (n.gender = 'm' AND n.id = ci.person_id);"
30c,"select count(*) from 
complete_cast AS cc 
join comp_cast_type AS cct1 on (cct1.kind = 'cast' AND cct1.id = cc.subject_id)
join comp_cast_type AS cct2 on (cct2.kind ='complete+verified' AND cct2.id = cc.status_id)
join title AS t on (t.id = cc.movie_id)
join
 (select movie_id from movie_info_idx AS mi_idx 
join info_type AS it2 on (it2.info = 'votes' AND it2.id = mi_idx.info_type_id)) as t_mi_idx 
on(t_mi_idx.movie_id = cc.movie_id)
JOIN movie_info AS mi  
on(mi.movie_id = t_mi_idx.movie_id and mi.info IN ('Horror',  'Action', 'Sci-Fi', 'Thriller', 'Crime', 'War'))
join info_type AS it1 on (it1.info = 'genres' AND it1.id = mi.info_type_id)
join
 (select movie_id from movie_keyword AS mk 
join keyword AS k on (k.keyword IN ('murder', 'violence', 'blood', 'gore', 'death', 'female-nudity',  'hospital') AND k.id = mk.keyword_id)) as t_mk 
on(t_mk.movie_id = mi.movie_id)
JOIN cast_info AS ci  
on(ci.movie_id = t_mk.movie_id and ci.note IN ('(writer)', '(head writer)', '(written by)', '(story)', '(story editor)'))
join name AS n on (n.gender = 'm' AND n.id = ci.person_id);"
31a,"select count(*) from 
movie_info AS mi 
join info_type AS it1 on (it1.info = 'genres' AND it1.id = mi.info_type_id and mi.info IN ('Horror', 'Thriller'))
join title AS t on (t.id = mi.movie_id)
join
 (select movie_id from movie_info_idx AS mi_idx 
join info_type AS it2 on (it2.info = 'votes' AND it2.id = mi_idx.info_type_id)) as t_mi_idx 
on(t_mi_idx.movie_id = mi.movie_id)
join
 (select movie_id from movie_companies AS mc 
join company_name AS cn on (cn.name LIKE 'Lionsgate%' AND cn.id = mc.company_id)) as t_mc 
on(t_mc.movie_id = t_mi_idx.movie_id)
join
 (select movie_id from movie_keyword AS mk 
join keyword AS k on (k.keyword IN ('murder', 'violence', 'blood', 'gore',  'death', 'female-nudity', 'hospital') AND k.id = mk.keyword_id)) as t_mk 
on(t_mk.movie_id = t_mc.movie_id)
JOIN cast_info AS ci  
on(ci.movie_id = t_mk.movie_id and ci.note IN ('(writer)', '(head writer)', '(written by)',  '(story)', '(story editor)'))
join name AS n on (n.gender = 'm' AND n.id = ci.person_id);"
31b,"select count(*) from 
movie_companies AS mc 
join company_name AS cn on (cn.name LIKE 'Lionsgate%' AND cn.id = mc.company_id and mc.note LIKE '%(Blu-ray)%')
join title AS t on (t.production_year > 2000 AND (t.title LIKE '%Freddy%' OR t.title LIKE '%Jason%' OR t.title LIKE 'Saw%') AND t.id = mc.movie_id)
join
 (select movie_id from movie_info_idx AS mi_idx 
join info_type AS it2 on (it2.info = 'votes' AND it2.id = mi_idx.info_type_id)) as t_mi_idx 
on(t_mi_idx.movie_id = mc.movie_id)
join
 (select movie_id from movie_keyword AS mk 
join keyword AS k on (k.keyword IN ('murder',  'violence', 'blood', 'gore', 'death', 'female-nudity',  'hospital') AND k.id = mk.keyword_id)) as t_mk 
on(t_mk.movie_id = t_mi_idx.movie_id)
JOIN cast_info AS ci  
on(ci.movie_id = t_mk.movie_id and ci.note IN ('(writer)', '(head writer)', '(written by)', '(story)', '(story editor)'))
join name AS n on (n.gender = 'm' AND n.id = ci.person_id)
JOIN movie_info AS mi  
on(mi.movie_id = ci.movie_id and mi.info IN ('Horror', 'Thriller'))
join info_type AS it1 on (it1.info = 'genres' AND it1.id = mi.info_type_id);"
31c,"select count(*) from 
movie_info AS mi 
join info_type AS it1 on (it1.info = 'genres' AND it1.id = mi.info_type_id and mi.info IN ('Horror', 'Action', 'Sci-Fi', 'Thriller', 'Crime', 'War'))
join title AS t on (t.id = mi.movie_id)
join
 (select movie_id from movie_info_idx AS mi_idx 
join info_type AS it2 on (it2.info = 'votes' AND it2.id = mi_idx.info_type_id)) as t_mi_idx 
on(t_mi_idx.movie_id = mi.movie_id)
join
 (select movie_id from movie_companies AS mc 
join company_name AS cn on (cn.name LIKE 'Lionsgate%' AND cn.id = mc.company_id)) as t_mc 
on(t_mc.movie_id = t_mi_idx.movie_id)
join
 (select movie_id from movie_keyword AS mk 
join keyword AS k on (k.keyword IN ('murder', 'violence', 'blood', 'gore', 'death', 'female-nudity', 'hospital') AND k.id = mk.keyword_id)) as t_mk 
on(t_mk.movie_id = t_mc.movie_id)
JOIN cast_info AS ci  
on(ci.movie_id = t_mk.movie_id and ci.note IN ('(writer)', '(head writer)', '(written by)', '(story)', '(story editor)'))
join name AS n on (n.id = ci.person_id);"
32a,"select count(*) from 
movie_link AS ml 
join link_type AS lt on (lt.id = ml.link_type_id)
join title AS t1 on (ml.movie_id = t1.id)
join title AS t2 on (ml.linked_movie_id = t2.id)
join
 (select movie_id from movie_keyword AS mk 
join keyword AS k on (k.keyword ='10,000-mile-club' AND mk.keyword_id = k.id)) as t_mk 
on(t_mk.movie_id = ml.movie_id);"
32b,"select count(*) from 
movie_link AS ml 
join link_type AS lt on (lt.id = ml.link_type_id)
join title AS t1 on (ml.movie_id = t1.id)
join title AS t2 on (ml.linked_movie_id = t2.id)
join
 (select movie_id from movie_keyword AS mk 
join keyword AS k on (k.keyword ='character-name-in-title' AND mk.keyword_id = k.id)) as t_mk 
on(t_mk.movie_id = ml.movie_id);"
33a,"select count(*) from 
movie_link AS ml 
join link_type AS lt on (lt.link IN ('sequel', 'follows', 'followed by') AND lt.id = ml.link_type_id)
join title AS t2 on (t2.production_year BETWEEN 2005 AND 2008 AND t2.id = ml.linked_movie_id)
join title AS t1 on (t1.id = ml.movie_id)
join kind_type AS kt1 on (kt1.kind IN ('tv series') AND kt1.id = t1.kind_id)
join kind_type AS kt2 on (kt2.kind IN ('tv series') AND kt2.id = t2.kind_id)
join
 (select movie_id from movie_info_idx AS mi_idx1 
join info_type AS it1 on (it1.info = 'rating' AND it1.id = mi_idx1.info_type_id)) as t_mi_idx1 
on(t_mi_idx1.movie_id = ml.movie_id)
join
 (select movie_id from movie_info_idx AS mi_idx2 
join info_type AS it2 on (it2.info = 'rating' AND it2.id = mi_idx2.info_type_id and mi_idx2.info < '3.0')) as t_mi_idx2 
on(t_mi_idx2.movie_id = ml.linked_movie_id)
JOIN movie_companies AS mc2  
on(mc2.movie_id = ml.linked_movie_id)
join company_name AS cn2 on (cn2.id = mc2.company_id)
JOIN movie_companies AS mc1  
on(mc1.movie_id = ml.movie_id)
join company_name AS cn1 on (cn1.country_code = '[us]' AND cn1.id = mc1.company_id);"
33b,"select count(*) from 
movie_link AS ml 
join link_type AS lt on (lt.link LIKE '%follow%' AND lt.id = ml.link_type_id)
join title AS t2 on (t2.production_year = 2007 AND t2.id = ml.linked_movie_id)
join title AS t1 on (t1.id = ml.movie_id)
join kind_type AS kt1 on (kt1.kind IN ('tv series') AND kt1.id = t1.kind_id)
join kind_type AS kt2 on (kt2.kind IN ('tv series') AND kt2.id = t2.kind_id)
join
 (select movie_id from movie_info_idx AS mi_idx1 
join info_type AS it1 on (it1.info = 'rating' AND it1.id = mi_idx1.info_type_id)) as t_mi_idx1 
on(t_mi_idx1.movie_id = ml.movie_id)
join
 (select movie_id from movie_info_idx AS mi_idx2 
join info_type AS it2 on (it2.info = 'rating' AND it2.id = mi_idx2.info_type_id and mi_idx2.info < '3.0')) as t_mi_idx2 
on(t_mi_idx2.movie_id = ml.linked_movie_id)
JOIN movie_companies AS mc2  
on(mc2.movie_id = ml.linked_movie_id)
join company_name AS cn2 on (cn2.id = mc2.company_id)
JOIN movie_companies AS mc1  
on(mc1.movie_id = ml.movie_id)
join company_name AS cn1 on (cn1.country_code = '[nl]' AND cn1.id = mc1.company_id);"
33c,"select count(*) from 
movie_link AS ml 
join link_type AS lt on (lt.link IN ('sequel', 'follows', 'followed by') AND lt.id = ml.link_type_id)
join title AS t2 on (t2.production_year BETWEEN 2000 AND 2010 AND t2.id = ml.linked_movie_id)
join title AS t1 on (t1.id = ml.movie_id)
join kind_type AS kt1 on (kt1.kind IN ('tv series', 'episode') AND kt1.id = t1.kind_id)
join kind_type AS kt2 on (kt2.kind IN ('tv series',  'episode') AND kt2.id = t2.kind_id)
join
 (select movie_id from movie_info_idx AS mi_idx1 
join info_type AS it1 on (it1.info = 'rating' AND it1.id = mi_idx1.info_type_id)) as t_mi_idx1 
on(t_mi_idx1.movie_id = ml.movie_id)
join
 (select movie_id from movie_info_idx AS mi_idx2 
join info_type AS it2 on (it2.info = 'rating' AND it2.id = mi_idx2.info_type_id and mi_idx2.info < '3.5')) as t_mi_idx2 
on(t_mi_idx2.movie_id = ml.linked_movie_id)
JOIN movie_companies AS mc2  
on(mc2.movie_id = ml.linked_movie_id)
join company_name AS cn2 on (cn2.id = mc2.company_id)
JOIN movie_companies AS mc1  
on(mc1.movie_id = ml.movie_id)
join company_name AS cn1 on (cn1.country_code != '[us]' AND cn1.id = mc1.company_id);"
